002,ABORT
041,CLOSET
003,AC
042,CODE
004,ACCESS
043,COMMUNICATIONS
005,ALARM
044,COMPUTER
006,AND
045,CONTROL
007,ANNOUNCEMENT
046,COOL
008,AREA
047,CRAWL
009,ARM
048,CURRENT
010,ARMED
049,DAY
011,ARMING
050,DEGREES
012,AT
051,DEN
013,ATTIC
052,DETECTOR
014,AUDIO
053,DIM
015,AUTO
054,DINING
016,AUTOMATION
055,DISARM
017,AUXILIARY
056,DISARMED
018,AWAY
057,DOCK
019,BABY’S
058,DOOR
020,BACK
059,DOWNSTAIRS
021,BASEMENT
060,DRIVEWAY
022,BATHROOM
061,EAST
023,BATTERY
062,EIGHT
024,BEDROOM
063,EIGHTEEN
025,BONUS
064,EIGHTY
026,BREAK
065,ELECTRIC
027,BUTTON
066,ELEVEN
028,BYPASS
067,EMERGENCY
029,BYPASSED
068,ENTER
030,CABINET
069,ENTRANCE
031,CANCEL
070,ENTRY
032,CARBON MONOXIDE
071,ERROR
033,CELLAR
072,EXERCISE
034,CELLULAR
073,EXIT
035,CELL RADIO
074,EXIT NOW
036,CENTER
075,EXTERIOR
037,CHECK
076,EXTERNAL
038,CHEST
077,FAILURE
039,CHILDREN’S
078,FAMILY
040,CHIME
079,FAN
080,FIFTEEN
119,INTRUSION
081,FIFTY
120,IS
082,FIRE
121,KEY
083,FIRE ALERT
122,KEYFOB
084,FIRE DETECTOR
123,KEYPAD
085,FIRST
124,KIDS
086,FIVE
125,KITCHEN
087,FLOOD
126,LAUNDRY
088,FLOOR
127,LEFT
089,FLUID
128,LEVEL
090,FOIL
129,LIBRARY
091,FOR
130,LIGHT
092,FORTY
131,LIGHTS
093,FOUR
132,LIQUOR
094,FOURTEEN
133,LIVING
095,FOURTH
134,LOADING
096,FREEZE
135,LOCK
097,FREEZER
136,LOFT
098,FRONT
137,LOW
099,FURNACE
138,MAIN
100,GAME
139,MAINTENANCE
101,GARBAGE
140,MASTER
102,GAS
141,MEDICAL
103,GLASS
142,MEDICINE
104,GLASS BREAK
143,MENU
105,GUEST
144,MIDDLE
106,GUN
145,MONITOR
107,HALL
146,MOTION
108,HALLWAY
147,MOTION DETECTOR
109,HANGING
148,MUD
110,HANGUP
149,NINE
111,HEAT
150,NINETEEN
112,HIGH
151,NINETY
113,HOME
152,NORTH
114,HOUSE
153,NOT
115,ICE
154,NOT READY
116,INSIDE
155,NO DELAY
117,INSTANT
156,NO ENTRY DELAY
118,INTERIOR
157,NURSERY
158,OFF
197,SEVENTY
159,OFFICE
198,SHED
160,ON
199,SHOP
161,ONE
200,SIDE
162,ONE HUNDRED
201,SILENT
163,OUTPUT
202,SIREN
164,OUTSIDE
203,SIX
165,PANEL
204,SIXTEEN
166,PANIC
205,SIXTY
167,PANTRY
206,SKYLIGHT
168,PATIO
207,SLIDING
169,PERIMETER
208,SMOKE
170,PHONE LINE
209,SOUNDER
171,PLAY
210,SOUTH
172,POLICE
212,SPARE
173,POOL
213,STAIRS
174,POUND
214,STAR
175,POWER
215,STATUS
176,PRESS
216,STAY
177,PREVIOUS
217,STOP
178,PUMP
218,STORAGE
179,RADIO
219,STUDY
180,READY
220,SUMP
181,REAR
221,SUPERVISION
182,RELAY
222,SYSTEM
183,REMOTE
223,TAMPER
184,REPEAT
224,TEMPERATURE
185,RF JAM
225,TEN
186,RIGHT
226,TERMINATED
187,ROOM
227,THERMOSTAT
188,SAFE
228,THIRD
189,SECOND
229,THIRTEEN
190,SECURITY
230,THIRTY
191,SENSOR
231,THREE
192,SENSORS
232,TO
193,SESSION
233,TOOL
194,SET
234,TRANSMITTED
195,SEVEN
235,TRANSMITTER
196,SEVENTEEN
236,TROUBLE
237,TURN
276,DAUGHTER’S
238,TWELVE
277,DOORBELL
239,TWENTY
278,GIRL’S
240,TWO
279,IMAGE
241,UNLOCK
280,IMAGE SENSOR
242,UPPER
281,MAIN
243,UPSTAIRS
282,SON’S
244,USER
283,SUN
245,UTILITY
284,THEATER
246,VALVE
285,WING
247,VOICE
286,SWITCH
248,WALL
249,WATER
250,WEST
251,WINDOW
252,WIRELESS
253,YARD
254,ZERO
255,ZONE
256,BALCONY
257,COURTYARD
258,DECK
259,DETACHED
260,OVERHEAD
261,REFRIGERATOR
262,SERVICE
263,WAREHOUSE
264,GATE
265,APARTMENT
266,FOYER
267,TV
268,VIDEO
269,PORCH
270,CORNER
271,BELL
272,BOY’S
273,CAMERA
274,CAVE
275,DAUGHTERS
